{"cameraMode":{"drawMode":0,"name":"Shaded","section":"Shading Mode"},"sceneLighting":true,"audioPlay":false,"sceneViewState":{"showFog":true,"showMaterialUpdate":true,"showSkybox":true,"showFlares":true,"showImageEffects":true,"showParticleSystems":true},"in2DMode":false,"pivot":{"x":-0.19820918142795564,"y":1.975674033164978,"z":-9.639692306518555},"rotation":{"x":-0.1688799411058426,"y":-0.036363665014505389,"z":0.006235005799680948,"w":-0.9849473834037781},"size":0.6452344655990601,"orthographic":false}